"userId","questionNumber","graphType","timestamp","correctAnswer","answer","serverTime",
697610459,0,"bar",1645842841010,13,13,1645842841506,
99282852,0,"bar",1645842857048,61,61,1645842857537,
697610459,1,"area",1645842861808,98,98,1645842862290,
697610459,2,"bubble",1645842867557,25,25,1645842868024,
99282852,1,"area",1645842876011,38,38,1645842876588,
99282852,2,"bubble",1645842885292,25,25,1645842885800,
434848981,0,"bar",1645842887978,79,79,1645842888234,
697610459,3,"bar",1645842890745,95,90,1645842891176,
697610459,4,"area",1645842907619,19,20,1645842908054,
99282852,3,"bar",1645842908659,30,33,1645842909151,
697610459,5,"bubble",1645842919006,26,30,1645842919428,
434848981,1,"area",1645842924018,100,100,1645842924277,
99282852,4,"area",1645842924862,41,50,1645842925329,
697610459,6,"bar",1645842925991,77,80,1645842926487,
434848981,2,"bubble",1645842927569,25,25,1645842927620,
434848981,3,"bar",1645842932570,47,48,1645842932619,
99282852,5,"bubble",1645842932975,100,80,1645842933529,
697610459,7,"area",1645842934982,19,85,1645842935396,
434848981,4,"area",1645842938678,31,30,1645842938946,
434848981,5,"bubble",1645842942976,71,95,1645842943028,
697610459,8,"bubble",1645842943337,78,75,1645842943791,
434848981,6,"bar",1645842949952,92,94,1645842950212,
697610459,9,"bar",1645842952785,13,15,1645842953237,
434848981,7,"area",1645842953400,76,75,1645842953450,
697610459,10,"area",1645842957742,17,80,1645842958156,
99282852,6,"bar",1645842959566,87,98,1645842960031,
434848981,8,"bubble",1645842960726,13,24,1645842960977,
697610459,11,"bubble",1645842962765,55,90,1645842963165,
697610459,12,"bar",1645842966550,2,5,1645842966636,
434848981,9,"bar",1645842970576,83,90,1645842970844,
434848981,10,"area",1645842973468,100,66,1645842973519,
99282852,7,"area",1645842975015,5,30,1645842975502,
434848981,11,"bubble",1645842976606,88,85,1645842976656,
697610459,13,"area",1645842976391,28,25,1645842976865,
434848981,12,"bar",1645842982338,37,35,1645842982601,
99282852,8,"bubble",1645842982912,28,50,1645842983387,
434848981,13,"area",1645842986338,58,88,1645842986387,
434848981,14,"bubble",1645842989630,30,20,1645842989680,
99282852,9,"bar",1645842990043,27,33,1645842990562,
434848981,15,"bar",1645842993932,34,30,1645842993981,
697610459,14,"bubble",1645842994044,65,50,1645842994486,
99282852,10,"area",1645842997145,37,30,1645842997617,
434848981,16,"area",1645842998724,76,50,1645842998774,
697610459,15,"bar",1645843000431,22,20,1645843000938,
434848981,17,"bubble",1645843001766,43,50,1645843001815,
99282852,11,"bubble",1645843002890,48,50,1645843003369,
99282852,12,"bar",1645843007427,66,87,1645843007519,
434848981,18,"bar",1645843008432,16,15,1645843008709,
697610459,16,"area",1645843010271,19,20,1645843010765,
99282852,13,"area",1645843012060,61,25,1645843012571,
434848981,19,"area",1645843012674,2,10,1645843012723,
434848981,20,"bubble",1645843014866,43,20,1645843014923,
434848981,21,"bar",1645843019930,82,82,1645843020255,
697610459,17,"bubble",1645843020933,45,40,1645843021412,
99282852,14,"bubble",1645843021744,61,20,1645843022315,
746865556,0,"bar",1645843022365,18,18,1645843022831,
434848981,22,"area",1645843023170,58,50,1645843023222,
434848981,23,"bubble",1645843026620,88,89,1645843026670,
99282852,15,"bar",1645843028877,42,40,1645843029363,
434848981,24,"bar",1645843029580,21,20,1645843029629,
697610459,18,"bar",1645843029944,57,60,1645843030433,
434848981,25,"area",1645843033470,20,16,1645843033522,
697610459,19,"area",1645843034412,86,45,1645843034499,
746865556,1,"area",1645843034300,52,52,1645843034710,
434848981,26,"bubble",1645843036596,77,76,1645843036655,
746865556,2,"bubble",1645843037929,25,25,1645843037994,
99282852,16,"area",1645843039248,42,25,1645843039810,
697610459,20,"bubble",1645843040152,11,20,1645843040560,
434848981,27,"bar",1645843041618,82,89,1645843041972,
99282852,17,"bubble",1645843043935,31,30,1645843044317,
434848981,28,"area",1645843044534,63,33,1645843044592,
99282852,18,"bar",1645843048012,67,70,1645843048122,
434848981,29,"bubble",1645843049560,55,86,1645843049909,
434848981,30,"bar",1645843052416,33,33,1645843052474,
99282852,19,"area",1645843053353,50,40,1645843053827,
434848981,31,"area",1645843055378,74,50,1645843055429,
434848981,32,"bubble",1645843057954,55,50,1645843058004,
99282852,20,"bubble",1645843057925,52,70,1645843058043,
697610459,21,"bar",1645843058418,12,15,1645843058895,
99282852,21,"bar",1645843062018,44,50,1645843062116,
434848981,33,"bar",1645843062258,20,15,1645843062309,
434848981,34,"area",1645843065360,81,100,1645843065409,
697610459,22,"area",1645843066301,17,85,1645843066890,
99282852,22,"area",1645843066707,67,50,1645843067268,
99282852,23,"bubble",1645843069913,71,40,1645843070012,
697610459,23,"bubble",1645843071395,90,95,1645843071822,
99282852,24,"bar",1645843073585,86,80,1645843073685,
697610459,24,"bar",1645843075612,45,50,1645843075699,
99282852,25,"area",1645843080102,41,45,1645843080575,
99282852,26,"bubble",1645843083725,83,75,1645843083841,
697610459,25,"area",1645843085794,0,2,1645843086145,
99282852,27,"bar",1645843088985,20,20,1645843089471,
697610459,26,"bubble",1645843091070,90,99,1645843091377,
99282852,28,"area",1645843094049,54,50,1645843094495,
746865556,3,"bar",1645843097778,78,75,1645843098090,
99282852,29,"bubble",1645843098677,13,10,1645843099200,
697610459,27,"bar",1645843100198,95,95,1645843100697,
697610459,28,"area",1645843106961,83,45,1645843107431,
99282852,30,"bar",1645843111489,79,80,1645843112010,
697610459,29,"bubble",1645843112239,97,95,1645843112560,
99282852,31,"area",1645843116845,90,60,1645843117334,
697610459,30,"bar",1645843118713,0,0,1645843119207,
746865556,4,"area",1645843121821,57,62,1645843122263,
99282852,32,"bubble",1645843123848,50,80,1645843124495,
99282852,33,"bar",1645843128480,44,50,1645843128582,
697610459,31,"area",1645843129434,65,75,1645843129855,
746865556,5,"bubble",1645843131842,76,90,1645843132299,
99282852,34,"area",1645843134443,36,50,1645843134941,
434848981,35,"bubble",1645843135368,69,60,1645843135634,
434848981,36,"bar",1645843138680,21,20,1645843138733,
746865556,6,"bar",1645843140036,32,27,1645843140487,
697610459,32,"bubble",1645843140203,11,15,1645843140711,
99282852,35,"bubble",1645843141883,47,70,1645843142421,
434848981,37,"area",1645843142930,74,80,1645843142980,
99282852,36,"bar",1645843144774,48,50,1645843144875,
697610459,33,"bar",1645843146332,64,70,1645843146794,
746865556,7,"area",1645843146728,0,40,1645843147153,
99282852,37,"area",1645843148628,59,60,1645843148727,
697610459,34,"area",1645843150604,86,60,1645843150692,
99282852,38,"bubble",1645843153603,46,60,1645843154083,
746865556,8,"bubble",1645843157399,38,73,1645843157697,
99282852,39,"bar",1645843157681,66,70,1645843157809,
697610459,35,"bubble",1645843159385,70,80,1645843159870,
99282852,40,"area",1645843162218,57,50,1645843162687,
99282852,41,"bubble",1645843165498,97,90,1645843165597,
746865556,9,"bar",1645843165577,31,22,1645843166004,
434848981,38,"bubble",1645843167878,74,70,1645843168144,
99282852,42,"bar",1645843169101,12,20,1645843169200,
697610459,36,"bar",1645843169638,50,50,1645843170103,
746865556,10,"area",1645843171853,7,10,1645843172335,
99282852,43,"area",1645843172355,62,50,1645843172456,
434848981,39,"bar",1645843175238,27,25,1645843175507,
99282852,44,"bubble",1645843176479,22,20,1645843176580,
697610459,37,"area",1645843178448,83,60,1645843178911,
434848981,40,"area",1645843179152,3,3,1645843179201,
746865556,11,"bubble",1645843179035,60,39,1645843179506,
99282852,45,"bar",1645843179685,28,40,1645843179782,
434848981,41,"bubble",1645843181896,39,50,1645843181944,
99282852,46,"area",1645843183691,70,50,1645843183791,
746865556,12,"bar",1645843183992,4,8,1645843184420,
697610459,38,"bubble",1645843185124,48,50,1645843185564,
99282852,47,"bubble",1645843188230,90,70,1645843188695,
697610459,39,"bar",1645843189681,73,75,1645843189768,
746865556,13,"area",1645843190587,88,27,1645843191075,
99282852,48,"bar",1645843191154,38,40,1645843191260,
697610459,40,"area",1645843195590,45,70,1645843196007,
99282852,49,"area",1645843195680,58,60,1645843196204,
697610459,41,"bubble",1645843200485,17,15,1645843200837,
746865556,14,"bubble",1645843201187,16,42,1645843201621,
99282852,50,"bubble",1645843203120,37,60,1645843203654,
697610459,42,"bar",1645843204308,0,0,1645843204392,
746865556,15,"bar",1645843204946,1,2,1645843205014,
99282852,51,"bar",1645843206656,48,50,1645843206768,
434848981,42,"bar",1645843207406,68,70,1645843207706,
697610459,43,"area",1645843209165,59,45,1645843209537,
746865556,16,"area",1645843209487,20,8,1645843209914,
99282852,52,"area",1645843209816,92,30,1645843209932,
434848981,43,"area",1645843213208,64,55,1645843213471,
434848981,44,"bubble",1645843215186,42,55,1645843215235,
697610459,44,"bubble",1645843214976,32,20,1645843215482,
746865556,17,"bubble",1645843215347,78,84,1645843215763,
99282852,53,"bubble",1645843216493,20,20,1645843216969,
434848981,45,"bar",1645843217640,92,95,1645843217689,
99282852,54,"bar",1645843219630,41,30,1645843219730,
434848981,46,"area",1645843220346,92,100,1645843220398,
746865556,18,"bar",1645843221019,22,18,1645843221486,
434848981,47,"bubble",1645843223154,36,56,1645843223204,
434848981,48,"bar",1645843225400,7,10,1645843225458,
697610459,45,"bar",1645843225953,80,80,1645843226439,
746865556,19,"area",1645843227080,33,69,1645843227530,
99282852,55,"area",1645843227406,73,40,1645843227918,
434848981,49,"area",1645843230346,58,33,1645843230396,
697610459,46,"area",1645843231186,34,75,1645843231556,
746865556,20,"bubble",1645843231574,55,32,1645843231646,
99282852,56,"bubble",1645843233497,20,20,1645843233965,
746865556,21,"bar",1645843236064,73,73,1645843236357,
99282852,57,"bar",1645843236392,14,20,1645843236491,
434848981,50,"bubble",1645843238898,67,60,1645843239176,
434848981,51,"bar",1645843241160,46,55,1645843241211,
697610459,47,"bubble",1645843241504,33,40,1645843241902,
99282852,58,"area",1645843242154,83,50,1645843242678,
434848981,52,"area",1645843243306,52,33,1645843243360,
746865556,22,"area",1645843243694,19,82,1645843244118,
434848981,53,"bubble",1645843245206,66,55,1645843245255,
434848981,54,"bar",1645843247320,85,90,1645843247378,
746865556,23,"bubble",1645843249387,50,42,1645843249850,
99282852,59,"bubble",1645843249958,18,20,1645843250453,
434848981,55,"area",1645843252024,66,66,1645843252073,
99282852,60,"bar",1645843252581,69,70,1645843252679,
434848981,56,"bubble",1645843254376,62,66,1645843254425,
746865556,24,"bar",1645843254411,87,90,1645843254866,
434848981,57,"bar",1645843258074,69,70,1645843258124,
697610459,48,"bar",1645843258262,57,60,1645843258678,
99282852,61,"area",1645843258542,85,50,1645843259048,
746865556,25,"area",1645843259470,55,70,1645843259887,
697610459,49,"area",1645843261870,68,60,1645843261962,
434848981,58,"area",1645843263313,18,1,1645843263627,
434848981,59,"bubble",1645843265422,28,33,1645843265470,
99282852,62,"bubble",1645843265719,54,30,1645843266217,
434848981,60,"bar",1645843268120,39,33,1645843268168,
697610459,50,"bubble",1645843267592,20,15,1645843268202,
697610459,51,"bar",1645843273069,17,20,1645843273439,
434848981,61,"area",1645843273614,85,88,1645843273880,
434848981,62,"bubble",1645843275794,64,36,1645843275844,
697610459,52,"area",1645843277541,77,55,1645843277629,
746865556,26,"bubble",1645843283233,52,43,1645843283644,
697610459,53,"bubble",1645843286291,66,45,1645843286739,
746865556,27,"bar",1645843286898,56,50,1645843286961,
697610459,54,"bar",1645843291136,57,55,1645843291472,
746865556,28,"area",1645843293607,37,22,1645843294087,
697610459,55,"area",1645843296976,57,90,1645843297501,
746865556,29,"bubble",1645843299951,52,52,1645843300439,
746865556,30,"bar",1645843303925,42,42,1645843303990,
697610459,56,"bubble",1645843310478,38,50,1645843310911,
697610459,57,"bar",1645843322405,29,35,1645843322890,
697610459,58,"area",1645843330583,32,30,1645843331074,
697610459,59,"bubble",1645843334456,41,80,1645843334542,
697610459,60,"bar",1645843338465,100,100,1645843338553,
697610459,61,"area",1645843349170,19,80,1645843349639,
697610459,62,"bubble",1645843353860,28,15,1645843354235,
746865556,31,"area",1645843367183,19,64,1645843367608,
746865556,32,"bubble",1645843409042,12,30,1645843409494,
746865556,33,"bar",1645843412921,78,90,1645843412983,
746865556,34,"area",1645843418027,58,32,1645843418508,
946303072,0,"bar",1645843423399,74,74,1645843423761,
746865556,35,"bubble",1645843423705,88,100,1645843423990,
746865556,36,"bar",1645843429265,97,98,1645843429671,
746865556,37,"area",1645843434392,6,21,1645843434787,
746865556,38,"bubble",1645843442488,73,75,1645843442979,
746865556,39,"bar",1645843449634,78,81,1645843450045,
746865556,40,"area",1645843457045,32,32,1645843457517,
746865556,41,"bubble",1645843471717,55,68,1645843472161,
746865556,42,"bar",1645843475408,49,50,1645843475473,
746865556,43,"area",1645843481553,37,20,1645843481996,
746865556,44,"bubble",1645843487107,13,27,1645843487521,
746865556,45,"bar",1645843490881,68,74,1645843490943,
746865556,46,"area",1645843497861,22,34,1645843498274,
746865556,47,"bubble",1645843502804,88,85,1645843503296,
746865556,48,"bar",1645843506842,23,26,1645843506905,
746865556,49,"area",1645843510097,6,12,1645843510170,
746865556,50,"bubble",1645843516361,33,49,1645843516810,
746865556,51,"bar",1645843521665,73,79,1645843522144,
746865556,52,"area",1645843527409,73,69,1645843527870,
746865556,53,"bubble",1645843541198,31,67,1645843541693,
746865556,54,"bar",1645843548176,43,40,1645843548654,
946303072,1,"area",1645843548384,16,16,1645843548910,
746865556,55,"area",1645843552450,42,70,1645843552903,
746865556,56,"bubble",1645843558124,70,70,1645843558686,
746865556,57,"bar",1645843562349,97,96,1645843562414,
746865556,58,"area",1645843569571,20,56,1645843569864,
746865556,59,"bubble",1645843577370,85,70,1645843578140,
746865556,60,"bar",1645843583469,53,55,1645843584191,
746865556,61,"area",1645843589625,27,70,1645843591077,
746865556,62,"bubble",1645843596220,84,76,1645843596679,
946303072,2,"bubble",1645843615661,25,25,1645843616181,
946303072,3,"bar",1645843625118,78,82,1645843625494,
946303072,4,"area",1645843638853,30,18,1645843639312,
946303072,5,"bubble",1645843662238,29,70,1645843662554,
946303072,6,"bar",1645843712406,44,38,1645843712840,
946303072,7,"area",1645843720240,60,50,1645843720721,
946303072,8,"bubble",1645843725954,28,50,1645843726299,
946303072,9,"bar",1645843763497,39,35,1645843763932,
970368162,0,"bar",1645843762525,67,67,1645843763944,
946303072,10,"area",1645843774311,18,88,1645843774797,
970368162,1,"area",1645843776379,55,55,1645843778047,
970368162,2,"bubble",1645843781275,25,25,1645843782794,
946303072,11,"bubble",1645843800812,55,70,1645843801325,
946303072,12,"bar",1645843810239,27,20,1645843810745,
946303072,13,"area",1645843814491,50,45,1645843814588,
970368162,3,"bar",1645843818035,26,25,1645843819446,
946303072,14,"bubble",1645843820602,20,12,1645843821071,
946303072,15,"bar",1645843826941,31,28,1645843827422,
970368162,4,"area",1645843836595,72,49,1645843838266,
970368162,5,"bubble",1645843843036,56,50,1645843844132,
970368162,6,"bar",1645843847988,61,65,1645843849402,
970368162,7,"area",1645843854915,0,99,1645843856378,
946303072,16,"area",1645843869127,93,55,1645843869615,
970368162,8,"bubble",1645843868524,100,0,1645843869948,
946303072,17,"bubble",1645843874683,11,12,1645843875148,
970368162,9,"bar",1645843877715,44,45,1645843880145,
946303072,18,"bar",1645843880879,44,45,1645843881386,
970368162,10,"area",1645843883788,72,68,1645843884888,
970368162,11,"bubble",1645843889300,78,82,1645843890709,
498712787,0,"bar",1645843890012,59,69,1645843890967,
946303072,19,"area",1645843893480,75,60,1645843893985,
970368162,12,"bar",1645843894980,61,72,1645843896547,
946303072,20,"bubble",1645843900066,73,60,1645843900539,
970368162,13,"area",1645843905524,18,24,1645843906958,
970368162,14,"bubble",1645843909892,17,25,1645843910990,
946303072,21,"bar",1645843912722,29,33,1645843913235,
970368162,15,"bar",1645843915579,61,73,1645843917099,
946303072,22,"area",1645843920398,18,18,1645843920915,
970368162,16,"area",1645843922036,37,75,1645843923131,
946303072,23,"bubble",1645843928721,27,40,1645843929208,
970368162,17,"bubble",1645843931740,67,45,1645843933163,
946303072,24,"bar",1645843938518,89,90,1645843939038,
946303072,25,"area",1645843942854,41,70,1645843942948,
946303072,26,"bubble",1645843947387,10,8,1645843947760,
946303072,27,"bar",1645843955290,60,66,1645843955731,
946303072,28,"area",1645843960000,72,60,1645843960341,
946303072,29,"bubble",1645843966306,62,60,1645843966788,
946303072,30,"bar",1645843972934,50,53,1645843973449,
946303072,31,"area",1645843977986,6,92,1645843978364,
946303072,32,"bubble",1645843987689,29,20,1645843988195,
946303072,33,"bar",1645843992657,44,38,1645843993009,
946303072,34,"area",1645843999570,33,25,1645844000068,
970368162,18,"bar",1645843998692,51,54,1645844000103,
970368162,19,"area",1645844005948,13,72,1645844007617,
561548903,0,"bar",1645844009524,11,5,1645844009979,
946303072,35,"bubble",1645844028074,19,20,1645844028546,
970368162,20,"bubble",1645844030412,50,23,1645844031839,
946303072,36,"bar",1645844033156,50,50,1645844033560,
970368162,21,"bar",1645844034636,29,36,1645844036040,
970368162,22,"area",1645844037052,44,67,1645844038145,
970368162,23,"bubble",1645844039644,28,24,1645844040737,
946303072,37,"area",1645844040510,79,40,1645844041037,
970368162,24,"bar",1645844042148,55,55,1645844043570,
946303072,38,"bubble",1645844046209,54,60,1645844046662,
970368162,25,"area",1645844046244,26,50,1645844047341,
946303072,39,"bar",1645844049690,100,99,1645844049789,
970368162,26,"bubble",1645844049180,72,50,1645844050277,
970368162,27,"bar",1645844054076,80,75,1645844055485,
970368162,28,"area",1645844057972,75,35,1645844059068,
946303072,40,"area",1645844060292,25,30,1645844060800,
970368162,29,"bubble",1645844061124,100,0,1645844062221,
946303072,41,"bubble",1645844064259,17,20,1645844064361,
946303072,42,"bar",1645844068422,56,58,1645844068519,
946303072,43,"area",1645844072673,79,42,1645844073089,
946303072,44,"bubble",1645844080263,86,91,1645844080775,
946303072,45,"bar",1645844095661,41,35,1645844096140,
946303072,46,"area",1645844102033,81,47,1645844102483,
946303072,47,"bubble",1645844106368,31,50,1645844106461,
970368162,30,"bar",1645844111740,75,75,1645844113162,
970368162,31,"area",1645844123564,2,0,1645844124972,
970368162,32,"bubble",1645844127036,47,25,1645844128455,
970368162,33,"bar",1645844132467,16,15,1645844133930,
970368162,34,"area",1645844137372,12,83,1645844138785,
970368162,35,"bubble",1645844142108,48,37,1645844143207,
970368162,36,"bar",1645844144436,62,50,1645844145533,
970368162,37,"area",1645844146149,9,50,1645844147245,
970368162,38,"bubble",1645844146500,92,50,1645844147596,
970368162,39,"bar",1645844146827,75,5,1645844147921,
970368162,40,"area",1645844148124,73,50,1645844149221,
970368162,41,"bubble",1645844148620,23,50,1645844149716,
970368162,42,"bar",1645844149100,18,50,1645844150196,
970368162,43,"area",1645844149588,21,50,1645844150685,
970368162,44,"bubble",1645844150068,79,50,1645844151164,
970368162,45,"bar",1645844150524,19,50,1645844151622,
970368162,46,"area",1645844151004,10,50,1645844152100,
970368162,47,"bubble",1645844151492,77,50,1645844152588,
970368162,48,"bar",1645844151924,32,50,1645844153020,
970368162,49,"area",1645844152388,72,50,1645844153485,
970368162,50,"bubble",1645844152851,83,50,1645844153944,
946303072,48,"bar",1645844153576,85,83,1645844154108,
970368162,51,"bar",1645844153316,73,50,1645844154414,
970368162,52,"area",1645844153756,29,50,1645844154854,
970368162,53,"bubble",1645844154188,95,50,1645844155284,
970368162,54,"bar",1645844154636,64,50,1645844155733,
970368162,55,"area",1645844155092,38,50,1645844156188,
970368162,56,"bubble",1645844155540,13,50,1645844156638,
970368162,57,"bar",1645844155980,83,50,1645844157082,
946303072,49,"area",1645844157381,63,38,1645844157479,
970368162,58,"area",1645844156468,97,50,1645844157564,
970368162,59,"bubble",1645844156948,62,50,1645844158044,
970368162,60,"bar",1645844157372,59,50,1645844158468,
970368162,61,"area",1645844158684,56,50,1645844160095,
970368162,62,"bubble",1645844159196,13,50,1645844160293,
946303072,50,"bubble",1645844163343,25,20,1645844163815,
946303072,51,"bar",1645844168096,34,25,1645844168431,
946303072,52,"area",1645844199095,91,50,1645844199556,
946303072,53,"bubble",1645844206866,39,38,1645844207330,
946303072,54,"bar",1645844213565,23,20,1645844213991,
946303072,55,"area",1645844221716,0,100,1645844222178,
946303072,56,"bubble",1645844239635,59,40,1645844240104,
946303072,57,"bar",1645844248289,17,18,1645844248813,
946303072,58,"area",1645844252986,33,80,1645844253307,
946303072,59,"bubble",1645844260537,11,10,1645844260993,
946303072,60,"bar",1645844266172,33,25,1645844266627,
946303072,61,"area",1645844270325,42,80,1645844270421,
946303072,62,"bubble",1645844278201,20,15,1645844278710,
224689213,0,"bar",1645844408791,82,90,1645844410554,
224689213,1,"area",1645844436593,28,60,1645844438369,
224689213,2,"bubble",1645844449553,25,30,1645844451333,
224689213,3,"bar",1645844459895,52,74,1645844461666,
224689213,4,"area",1645844478368,69,40,1645844480287,
224689213,5,"bubble",1645844493931,34,45,1645844495682,
224689213,6,"bar",1645844507468,97,95,1645844509205,
224689213,7,"area",1645844518243,19,50,1645844519982,
224689213,8,"bubble",1645844524526,12,25,1645844526298,
696028880,0,"bar",1645844531921,44,44,1645844530407,
224689213,9,"bar",1645844537451,91,89,1645844539217,
224689213,10,"area",1645844541590,69,40,1645844543008,
224689213,11,"bubble",1645844548250,38,48,1645844550028,
224689213,12,"bar",1645844555593,11,18,1645844557508,
224689213,13,"area",1645844563613,96,50,1645844565380,
224689213,14,"bubble",1645844575330,43,50,1645844577092,
224689213,15,"bar",1645844586836,61,68,1645844588623,
224689213,16,"area",1645844595728,94,37,1645844597494,
224689213,17,"bubble",1645844601106,64,70,1645844603075,
224689213,18,"bar",1645844629807,31,40,1645844631569,
224689213,19,"area",1645844640175,89,55,1645844642295,
224689213,20,"bubble",1645844648640,38,42,1645844650069,
863808093,0,"bar",1645844656176,90,94,1645844658325,
224689213,21,"bar",1645844657772,40,43,1645844659624,
224689213,22,"area",1645844661432,26,35,1645844662855,
224689213,23,"bubble",1645844670048,93,96,1645844671776,
669187621,0,"bar",1645844671282,70,30,1645844672130,
224689213,24,"bar",1645844676694,88,87,1645844678456,
601668031,0,"bar",1645844681992,10,97,1645844684103,
224689213,25,"area",1645844723251,9,41,1645844725028,
224689213,26,"bubble",1645844732614,58,45,1645844734345,
601668031,1,"area",1645844740226,54,42,1645844742031,
224689213,27,"bar",1645844748254,33,42,1645844750022,
224689213,28,"area",1645844753387,51,70,1645844754822,
224689213,29,"bubble",1645844759368,36,35,1645844761160,
224689213,30,"bar",1645844766662,52,68,1645844768525,
601668031,2,"bubble",1645844779938,25,75,1645844781753,
224689213,31,"area",1645844781503,24,50,1645844783425,
224689213,32,"bubble",1645844786502,85,68,1645844787922,
224689213,33,"bar",1645844791621,15,30,1645844793086,
601668031,3,"bar",1645844798178,84,97,1645844799983,
224689213,34,"area",1645844799556,13,40,1645844801300,
224689213,35,"bubble",1645844804205,73,75,1645844805619,
601668031,4,"area",1645844805647,83,35,1645844807454,
224689213,36,"bar",1645844812801,68,86,1645844814587,
601668031,5,"bubble",1645844812487,12,20,1645844814614,
601668031,6,"bar",1645844820555,4,4,1645844822648,
224689213,37,"area",1645844835219,67,55,1645844837036,
601668031,7,"area",1645844835878,62,64,1645844837966,
224689213,38,"bubble",1645844840867,67,68,1645844842651,
669187621,1,"area",1645844844324,66,10,1645844845168,
224689213,39,"bar",1645844855300,16,30,1645844857124,
601668031,8,"bubble",1645844859219,20,30,1645844861027,
224689213,40,"area",1645844862754,64,50,1645844864533,
601668031,9,"bar",1645844863861,87,90,1645844865673,
601668031,10,"area",1645844870885,45,37,1645844872699,
224689213,41,"bubble",1645844872071,91,98,1645844873815,
601668031,11,"bubble",1645844875349,62,87,1645844877165,
224689213,42,"bar",1645844877431,27,25,1645844879328,
601668031,12,"bar",1645844880324,50,50,1645844882138,
601668031,13,"area",1645844896234,51,54,1645844898339,
669187621,2,"bubble",1645844899712,25,25,1645844900537,
601668031,14,"bubble",1645844905411,18,15,1645844907557,
669187621,3,"bar",1645844910495,2,5,1645844911393,
601668031,15,"bar",1645844912910,59,71,1645844914729,
601668031,16,"area",1645844919280,61,34,1645844921386,
601668031,17,"bubble",1645844933039,11,17,1645844935149,
601668031,18,"bar",1645844937046,94,94,1645844938860,
601668031,19,"area",1645844944437,95,69,1645844946562,
601668031,20,"bubble",1645844955242,33,50,1645844957369,
601668031,21,"bar",1645844961047,82,84,1645844963188,
669187621,4,"area",1645844969848,65,30,1645844974239,
669187621,5,"bubble",1645844989383,48,25,1645844990318,
669187621,6,"bar",1645844997895,87,80,1645845002567,
601668031,22,"area",1645845001466,2,61,1645845003573,
669187621,7,"area",1645845004365,57,20,1645845004746,
224689213,43,"area",1645845003817,18,45,1645845005607,
601668031,23,"bubble",1645845005220,14,17,1645845007022,
224689213,44,"bubble",1645845009283,43,45,1645845011121,
601668031,24,"bar",1645845010162,8,17,1645845011962,
669187621,8,"bubble",1645845011603,64,45,1645845012474,
224689213,45,"bar",1645845013969,92,90,1645845015392,
601668031,25,"area",1645845014966,86,42,1645845016762,
669187621,9,"bar",1645845019897,12,15,1645845020788,
224689213,46,"area",1645845021238,89,40,1645845023004,
601668031,26,"bubble",1645845022013,95,92,1645845024138,
669187621,10,"area",1645845025229,100,36,1645845025997,
224689213,47,"bubble",1645845027720,72,78,1645845029459,
601668031,27,"bar",1645845029551,78,79,1645845031669,
669187621,11,"bubble",1645845038183,87,50,1645845039004,
601668031,28,"area",1645845037185,25,68,1645845039300,
224689213,48,"bar",1645845038254,35,39,1645845039995,
601668031,29,"bubble",1645845041631,36,68,1645845043440,
601668031,30,"bar",1645845045148,7,10,1645845046960,
224689213,49,"area",1645845047242,7,55,1645845049015,
669187621,12,"bar",1645845048533,92,90,1645845049435,
601668031,31,"area",1645845053962,7,42,1645845056069,
601668031,32,"bubble",1645845058772,43,25,1645845060569,
224689213,50,"bubble",1645845059222,67,42,1645845060962,
601668031,33,"bar",1645845064440,33,41,1645845066583,
669187621,13,"area",1645845068111,89,7,1645845069103,
669187621,14,"bubble",1645845073241,25,7,1645845074305,
601668031,34,"area",1645845076665,11,37,1645845078835,
669187621,15,"bar",1645845078758,15,14,1645845079718,
224689213,51,"bar",1645845078817,87,83,1645845080591,
224689213,52,"area",1645845082244,83,80,1645845083663,
669187621,16,"area",1645845084813,79,23,1645845085665,
601668031,35,"bubble",1645845085307,73,74,1645845087412,
224689213,53,"bubble",1645845086815,45,30,1645845088292,
224689213,54,"bar",1645845094777,50,66,1645845096533,
601668031,36,"bar",1645845101539,8,12,1645845103646,
224689213,55,"area",1645845102887,28,47,1645845104651,
224689213,56,"bubble",1645845108024,25,37,1645845109443,
601668031,37,"area",1645845108253,52,52,1645845110387,
601668031,38,"bubble",1645845114290,12,12,1645845116419,
224689213,57,"bar",1645845115935,3,8,1645845117687,
224689213,58,"area",1645845124895,0,41,1645845126646,
601668031,39,"bar",1645845125023,84,83,1645845127150,
224689213,59,"bubble",1645845133152,67,69,1645845134926,
224689213,60,"bar",1645845140473,84,82,1645845142263,
601668031,40,"area",1645845141001,97,27,1645845143347,
601668031,41,"bubble",1645845145957,19,17,1645845147771,
601668031,42,"bar",1645845152513,6,12,1645845154336,
601668031,43,"area",1645845157442,36,34,1645845159242,
601668031,44,"bubble",1645845161749,93,92,1645845163558,
601668031,45,"bar",1645845166519,93,92,1645845168321,
224689213,61,"area",1645845166599,32,80,1645845168415,
224689213,62,"bubble",1645845170538,65,85,1645845171960,
601668031,46,"area",1645845171732,95,50,1645845173841,
601668031,47,"bubble",1645845175708,66,84,1645845177509,
601668031,48,"bar",1645845180106,41,42,1645845181912,
601668031,49,"area",1645845186259,94,37,1645845188399,
601668031,50,"bubble",1645845193359,100,99,1645845195518,
601668031,51,"bar",1645845210724,76,80,1645845212840,
669187621,17,"bubble",1645845218900,100,95,1645845219818,
601668031,52,"area",1645845217717,91,76,1645845219821,
601668031,53,"bubble",1645845224056,38,25,1645845226154,
669187621,18,"bar",1645845227546,19,25,1645845228535,
601668031,54,"bar",1645845228066,86,92,1645845229866,
648546579,0,"bar",1645845151899,12,12,1645845231450,
669187621,19,"area",1645845234352,59,50,1645845235140,
601668031,55,"area",1645845233090,5,87,1645845235324,
669187621,20,"bubble",1645845241561,50,30,1645845242444,
601668031,56,"bubble",1645845240951,47,47,1645845243099,
669187621,21,"bar",1645845245723,27,26,1645845246080,
601668031,57,"bar",1645845245545,63,67,1645845247367,
561548903,1,"area",1645845254233,57,50,1645845254687,
669187621,22,"area",1645845254235,13,60,1645845255127,
601668031,58,"area",1645845255742,30,47,1645845257889,
601668031,59,"bubble",1645845259654,45,50,1645845261469,
669187621,23,"bubble",1645845265671,66,60,1645845266517,
561548903,2,"bubble",1645845266949,25,25,1645845267407,
669187621,24,"bar",1645845269433,9,14,1645845269780,
601668031,60,"bar",1645845269073,68,75,1645845271160,
669187621,25,"area",1645845273361,62,40,1645845273711,
669187621,26,"bubble",1645845278210,87,99,1645845279263,
601668031,61,"area",1645845278173,16,72,1645845280288,
669187621,27,"bar",1645845283008,78,80,1645845283362,
601668031,62,"bubble",1645845282543,13,19,1645845284346,
669187621,28,"area",1645845288661,36,50,1645845289528,
669187621,29,"bubble",1645845294379,46,50,1645845295138,
669187621,30,"bar",1645845300663,25,30,1645845301502,
669187621,31,"area",1645845307704,0,100,1645845312393,
561548903,3,"bar",1645845311981,13,12,1645845312433,
669187621,32,"bubble",1645845327129,27,30,1645845327995,
561548903,4,"area",1645845345816,87,50,1645845346271,
669187621,33,"bar",1645845353059,62,69,1645845353877,
669187621,34,"area",1645845357054,50,40,1645845357422,
561548903,5,"bubble",1645845359186,16,50,1645845359858,
669187621,35,"bubble",1645845362589,94,96,1645845363377,
232387894,0,"bar",1645845364695,93,7,1645845365096,
793347286,0,"bar",1645845366176,69,82,1645845367128,
793347286,1,"area",1645845369899,14,25,1645845370740,
561548903,6,"bar",1645845371774,15,12,1645845372227,
793347286,2,"bubble",1645845372696,25,54,1645845373446,
561548903,7,"area",1645845378837,90,50,1645845379291,
793347286,3,"bar",1645845379483,2,1,1645845380443,
793347286,4,"area",1645845382033,32,15,1645845382785,
793347286,5,"bubble",1645845385118,16,12,1645845385866,
561548903,8,"bubble",1645845385462,84,75,1645845386077,
793347286,6,"bar",1645845387698,8,15,1645845388447,
793347286,7,"area",1645845389872,93,25,1645845390616,
669187621,36,"bar",1645845392766,40,40,1645845393676,
793347286,8,"bubble",1645845394707,53,51,1645845395458,
669187621,37,"area",1645845397579,98,36,1645845397940,
793347286,9,"bar",1645845398335,79,45,1645845399086,
793347286,10,"area",1645845401482,43,25,1645845402233,
669187621,38,"bubble",1645845402262,78,80,1645845403125,
793347286,11,"bubble",1645845404163,73,13,1645845404911,
669187621,39,"bar",1645845406591,5,7,1645845406951,
793347286,12,"bar",1645845407697,69,12,1645845408448,
793347286,13,"area",1645845410675,10,15,1645845411417,
793347286,14,"bubble",1645845413938,15,12,1645845414680,
793347286,15,"bar",1645845419743,7,90,1645845420486,
793347286,16,"area",1645845423215,79,52,1645845423966,
793347286,17,"bubble",1645845429101,83,10,1645845430059,
669187621,40,"area",1645845429500,58,30,1645845430310,
793347286,18,"bar",1645845432924,21,20,1645845433669,
669187621,41,"bubble",1645845434042,95,97,1645845434403,
793347286,19,"area",1645845435652,67,25,1645845436399,
669187621,42,"bar",1645845437540,40,50,1645845437916,
793347286,20,"bubble",1645845438460,23,12,1645845439207,
793347286,21,"bar",1645845440571,67,12,1645845441316,
669187621,43,"area",1645845441363,10,24,1645845441720,
793347286,22,"area",1645845442768,100,12,1645845443555,
793347286,23,"bubble",1645845445209,20,20,1645845445950,
669187621,44,"bubble",1645845447655,100,100,1645845448573,
793347286,24,"bar",1645845447913,89,20,1645845448661,
561548903,9,"bar",1645845448812,12,16,1645845449425,
793347286,25,"area",1645845450217,1,20,1645845450959,
669187621,45,"bar",1645845451719,94,97,1645845452085,
793347286,26,"bubble",1645845452543,12,20,1645845453287,
793347286,27,"bar",1645845455145,46,20,1645845455888,
669187621,46,"area",1645845455999,37,50,1645845456358,
793347286,28,"area",1645845458050,92,58,1645845458800,
793347286,29,"bubble",1645845463285,32,98,1645845464254,
669187621,47,"bubble",1645845464858,80,60,1645845465845,
793347286,30,"bar",1645845466760,36,42,1645845467508,
669187621,48,"bar",1645845468366,3,5,1645845468730,
561548903,10,"area",1645845468791,51,33,1645845469406,
793347286,31,"area",1645845470224,22,14,1645845470972,
793347286,32,"bubble",1645845473700,55,14,1645845474451,
669187621,49,"area",1645845474403,56,55,1645845475372,
793347286,33,"bar",1645845477027,98,14,1645845477782,
669187621,50,"bubble",1645845478851,76,46,1645845479215,
793347286,34,"area",1645845479564,46,25,1645845480318,
561548903,11,"bubble",1645845480567,12,25,1645845481176,
669187621,51,"bar",1645845482213,41,51,1645845482574,
793347286,35,"bubble",1645845482657,32,9,1645845483407,
793347286,36,"bar",1645845486298,48,98,1645845487051,
793347286,37,"area",1645845489069,17,53,1645845489819,
793347286,38,"bubble",1645845491612,45,32,1645845492369,
793347286,39,"bar",1645845495311,15,65,1645845496063,
793347286,40,"area",1645845499411,67,33,1645845500165,
232387894,1,"area",1645845499950,58,3,1645845500355,
561548903,12,"bar",1645845500245,87,87,1645845500848,
669187621,52,"area",1645845500522,95,34,1645845501338,
793347286,41,"bubble",1645845503927,40,66,1645845504684,
793347286,42,"bar",1645845506637,44,1,1645845507389,
669187621,53,"bubble",1645845506656,38,28,1645845507478,
561548903,13,"area",1645845509715,23,33,1645845510322,
793347286,43,"area",1645845509772,15,33,1645845510522,
793347286,44,"bubble",1645845511702,54,33,1645845512453,
669187621,54,"bar",1645845511940,0,0,1645845512685,
793347286,45,"bar",1645845513591,40,33,1645845514382,
793347286,46,"area",1645845515689,68,33,1645845516444,
669187621,55,"area",1645845516152,65,45,1645845516509,
793347286,47,"bubble",1645845517763,55,21,1645845518514,
669187621,56,"bubble",1645845520031,52,35,1645845520387,
793347286,48,"bar",1645845520987,52,31,1645845521739,
793347286,49,"area",1645845522960,31,33,1645845523715,
669187621,57,"bar",1645845524279,84,78,1645845524645,
793347286,50,"bubble",1645845525519,21,36,1645845526272,
793347286,51,"bar",1645845528949,75,21,1645845529700,
669187621,58,"area",1645845530867,61,49,1645845531734,
793347286,52,"area",1645845531390,23,55,1645845532146,
793347286,53,"bubble",1645845534272,46,55,1645845535023,
669187621,59,"bubble",1645845537034,30,20,1645845537857,
793347286,54,"bar",1645845537806,14,55,1645845538557,
793347286,55,"area",1645845540452,77,36,1645845541206,
669187621,60,"bar",1645845541735,10,16,1645845542092,
793347286,56,"bubble",1645845542756,20,36,1645845543506,
793347286,57,"bar",1645845545330,89,55,1645845546088,
669187621,61,"area",1645845545848,60,50,1645845546202,
793347286,58,"area",1645845547625,68,45,1645845548382,
669187621,62,"bubble",1645845549393,12,15,1645845549748,
793347286,59,"bubble",1645845550100,65,66,1645845550856,
793347286,60,"bar",1645845552351,39,55,1645845553102,
793347286,61,"area",1645845555700,55,55,1645845556455,
793347286,62,"bubble",1645845558571,18,55,1645845559324,
561548903,14,"bubble",1645845562610,55,75,1645845563215,
561548903,15,"bar",1645845580867,11,12,1645845581473,
561548903,16,"area",1645845611710,92,50,1645845612325,
561548903,17,"bubble",1645845621304,50,75,1645845621914,
561548903,18,"bar",1645845678883,4,6,1645845679496,
561548903,19,"area",1645845691550,41,80,1645845692160,
561548903,20,"bubble",1645845704229,88,90,1645845704833,
561548903,21,"bar",1645845731697,40,33,1645845732326,
561548903,22,"area",1645845739530,54,40,1645845740143,
561548903,23,"bubble",1645845748997,92,90,1645845749613,
561548903,24,"bar",1645845755761,65,66,1645845756368,
561548903,25,"area",1645845766701,75,50,1645845767309,
561548903,26,"bubble",1645845779573,14,12,1645845780188,
561548903,27,"bar",1645845785663,53,50,1645845786271,
613083079,0,"bar",1645845787964,39,39,1645845788464,
561548903,28,"area",1645845796976,48,55,1645845797588,
561548903,29,"bubble",1645845809007,100,100,1645845809613,
613083079,1,"area",1645845811450,35,35,1645845812019,
561548903,30,"bar",1645845821100,96,99,1645845821716,
613083079,2,"bubble",1645845827385,25,25,1645845827889,
561548903,31,"area",1645845832137,6,5,1645845832736,
613083079,3,"bar",1645845842817,83,68,1645845843347,
873872462,0,"bar",1645845850988,40,40,1645845849689,
561548903,32,"bubble",1645845850269,46,33,1645845850879,
561548903,33,"bar",1645845871329,50,47,1645845871942,
561548903,34,"area",1645845889994,41,66,1645845890607,
561548903,35,"bubble",1645845897057,16,12,1645845897675,
232387894,2,"bubble",1645845900236,25,25,1645845901407,
561548903,36,"bar",1645845902291,42,50,1645845902938,
561548903,37,"area",1645845909052,27,25,1645845909671,
232387894,3,"bar",1645845915356,98,98,1645845916292,
561548903,38,"bubble",1645845918595,71,85,1645845919209,
232387894,4,"area",1645845934584,37,33,1645845934977,
561548903,39,"bar",1645845936285,42,33,1645845936900,
232387894,5,"bubble",1645845945261,28,33,1645845947182,
52659220,0,"bar",1645845954579,55,55,1645845953281,
561548903,40,"area",1645845956531,95,50,1645845957143,
561548903,41,"bubble",1645845965105,59,66,1645845965764,
232387894,6,"bar",1645845967669,6,8,1645845968060,
561548903,42,"bar",1645845969482,85,80,1645845969940,
561548903,43,"area",1645845977326,15,95,1645845977930,
561548903,44,"bubble",1645845987004,95,100,1645845987627,
232387894,7,"area",1645845987565,95,97,1645845987958,
232387894,8,"bubble",1645846002016,28,47,1645846002415,
232387894,9,"bar",1645846016775,19,23,1645846017165,
559504326,0,"bar",1645846026007,5,5,1645846024713,
232387894,10,"area",1645846028009,30,50,1645846028897,
561548903,45,"bar",1645846032026,85,75,1645846032637,
561548903,46,"area",1645846036097,72,60,1645846036552,
232387894,11,"bubble",1645846038720,40,45,1645846039110,
559504326,1,"area",1645846043356,10,10,1645846042053,
561548903,47,"bubble",1645846050176,10,20,1645846050786,
559504326,2,"bubble",1645846052690,25,25,1645846051386,
232387894,12,"bar",1645846052839,92,90,1645846053216,
561548903,48,"bar",1645846059580,93,95,1645846060190,
232387894,13,"area",1645846063023,29,33,1645846063660,
561548903,49,"area",1645846069736,75,45,1645846070353,
232387894,14,"bubble",1645846071480,78,85,1645846071566,
559504326,3,"bar",1645846076505,93,95,1645846075203,
561548903,50,"bubble",1645846079521,76,66,1645846080131,
232387894,15,"bar",1645846080626,48,46,1645846081015,
561548903,51,"bar",1645846085782,94,95,1645846086395,
561548903,52,"area",1645846099440,0,1,1645846100056,
561548903,53,"bubble",1645846106479,38,33,1645846107085,
559504326,4,"area",1645846116913,11,92,1645846115612,
561548903,54,"bar",1645846122719,24,33,1645846123334,
232387894,16,"area",1645846124298,80,72,1645846124690,
561548903,55,"area",1645846136416,13,12,1645846137027,
232387894,17,"bubble",1645846138608,16,23,1645846139002,
205810350,0,"bar",1645846141020,94,94,1645846139532,
205810350,1,"area",1645846142010,35,35,1645846140527,
205810350,2,"bubble",1645846142765,25,25,1645846141277,
561548903,56,"bubble",1645846146318,17,25,1645846146922,
232387894,18,"bar",1645846149014,23,34,1645846149410,
561548903,57,"bar",1645846151251,51,50,1645846151708,
205810350,3,"bar",1645846159579,55,60,1645846158283,
232387894,19,"area",1645846173225,5,5,1645846174627,
561548903,58,"area",1645846175815,84,60,1645846176422,
561548903,59,"bubble",1645846183086,90,95,1645846183697,
232387894,20,"bubble",1645846183286,15,25,1645846183700,
561548903,60,"bar",1645846188059,98,99,1645846188516,
561548903,61,"area",1645846195524,97,50,1645846196133,
561548903,62,"bubble",1645846199537,40,33,1645846199993,
205810350,4,"area",1645846202803,93,50,1645846201510,
486797160,0,"bar",1645846210052,18,18,1645846208567,
232387894,21,"bar",1645846212048,78,22,1645846212447,
232387894,22,"area",1645846227266,42,50,1645846227665,
232387894,23,"bubble",1645846235021,48,40,1645846235660,
232387894,24,"bar",1645846242457,46,40,1645846242545,
486797160,1,"area",1645846273341,11,11,1645846272037,
232387894,25,"area",1645846271431,50,27,1645846272080,
486797160,2,"bubble",1645846276678,25,25,1645846275190,
232387894,26,"bubble",1645846280317,20,46,1645846280413,
486797160,3,"bar",1645846284445,26,30,1645846283140,
232387894,27,"bar",1645846290063,54,54,1645846290464,
232387894,28,"area",1645846298155,7,16,1645846298554,
486797160,4,"area",1645846306657,15,85,1645846305353,
232387894,29,"bubble",1645846307494,92,90,1645846307889,
232387894,30,"bar",1645846317270,44,45,1645846317666,
232387894,31,"area",1645846338372,5,6,1645846339010,
232387894,32,"bubble",1645846343878,62,50,1645846343969,
232387894,33,"bar",1645846355858,34,30,1645846355964,
232387894,34,"area",1645846369455,97,45,1645846369849,
232387894,35,"bubble",1645846384343,100,95,1645846384740,
232387894,36,"bar",1645846400449,43,46,1645846401008,
232387894,37,"area",1645846418921,37,40,1645846419310,
232387894,38,"bubble",1645846426801,66,80,1645846427203,
232387894,39,"bar",1645846434512,52,54,1645846435164,
232387894,40,"area",1645846442134,22,33,1645846442235,
232387894,41,"bubble",1645846450367,64,90,1645846451302,
232387894,42,"bar",1645846472432,29,27,1645846472839,
232387894,43,"area",1645846480734,34,23,1645846481132,
232387894,44,"bubble",1645846490507,72,78,1645846490912,
232387894,45,"bar",1645846499941,18,20,1645846501068,
232387894,46,"area",1645846508424,52,85,1645846508902,
98419059,0,"bar",1645846513751,59,59,1645846512263,
98419059,1,"area",1645846516136,89,89,1645846514645,
98419059,2,"bubble",1645846518373,25,25,1645846516880,
98419059,3,"bar",1645846524542,36,33,1645846523240,
232387894,47,"bubble",1645846523547,58,66,1645846523956,
232387894,48,"bar",1645846533591,50,50,1645846534334,
98419059,4,"area",1645846541152,84,10,1645846539848,
232387894,49,"area",1645846544279,83,48,1645846544673,
555560847,0,"bar",1645846557049,26,26,1645846555558,
555560847,1,"area",1645846557975,24,24,1645846556489,
555560847,2,"bubble",1645846558856,25,25,1645846557367,
555560847,3,"bar",1645846561337,33,33,1645846559846,
232387894,50,"bubble",1645846562375,71,85,1645846562771,
232387894,51,"bar",1645846570582,53,60,1645846571723,
232387894,52,"area",1645846582952,13,27,1645846583352,
98419059,5,"bubble",1645846593733,57,70,1645846592432,
98419059,6,"bar",1645846601732,43,40,1645846600421,
232387894,53,"bubble",1645846600223,17,20,1645846600623,
232387894,54,"bar",1645846612057,32,30,1645846612458,
232387894,55,"area",1645846632404,64,36,1645846632810,
232387894,56,"bubble",1645846644868,84,70,1645846645282,
98419059,7,"area",1645846655226,91,90,1645846653918,
232387894,57,"bar",1645846659006,93,85,1645846659398,
232387894,58,"area",1645846685277,100,48,1645846685867,
232387894,59,"bubble",1645846692474,16,23,1645846692575,
98419059,8,"bubble",1645846701338,52,50,1645846700033,
232387894,60,"bar",1645846712750,10,14,1645846713409,
98419059,9,"bar",1645846726791,76,80,1645846725476,
232387894,61,"area",1645846734722,93,40,1645846734822,
232387894,62,"bubble",1645846747059,10,15,1645846747463,
98419059,10,"area",1645846763001,89,90,1645846761693,
98419059,11,"bubble",1645846814459,43,40,1645846813143,
98419059,12,"bar",1645846876736,69,72,1645846875429,
98419059,13,"area",1645846916258,18,12,1645846914944,
98419059,14,"bubble",1645846937454,62,90,1645846936148,
98419059,15,"bar",1645846952498,88,88,1645846951206,
736749441,0,"bar",1645846977236,0,0,1645846975743,
736749441,1,"area",1645846981466,75,75,1645846979970,
736749441,2,"bubble",1645846982633,25,25,1645846981136,
736749441,3,"bar",1645846987077,84,90,1645846985579,
148068761,0,"bar",1645847100062,48,48,1645847101052,
148068761,1,"area",1645847114336,63,63,1645847115334,
396733048,0,"bar",1645847124890,0,0,1645847123391,
396733048,1,"area",1645847125706,25,25,1645847124205,
396733048,2,"bubble",1645847126435,25,25,1645847124936,
396733048,3,"bar",1645847129729,30,20,1645847128227,
637387854,0,"bar",1645847140714,12,12,1645847139219,
637387854,1,"area",1645847142570,74,74,1645847141075,
637387854,2,"bubble",1645847143491,25,25,1645847141992,
637387854,3,"bar",1645847149273,0,0,1645847147954,
637387854,4,"area",1645847160497,93,92,1645847159188,
637387854,5,"bubble",1645847201353,17,27,1645847200040,
637387854,6,"bar",1645847223266,22,20,1645847221955,
637387854,7,"area",1645847246265,82,90,1645847244945,
637387854,8,"bubble",1645847260083,33,60,1645847258769,
637387854,9,"bar",1645847282826,4,7,1645847281522,
637387854,10,"area",1645847323296,28,20,1645847321981,
637387854,11,"bubble",1645847345074,92,80,1645847343759,
637387854,12,"bar",1645847363538,6,5,1645847362226,
637387854,13,"area",1645847376615,73,85,1645847375301,
637387854,14,"bubble",1645847422064,32,25,1645847420755,
637387854,15,"bar",1645847440770,34,40,1645847439460,
637387854,16,"area",1645847459430,37,15,1645847458106,
637387854,17,"bubble",1645847502908,24,30,1645847501593,
637387854,18,"bar",1645847509803,33,33,1645847508492,
637387854,19,"area",1645847519306,81,90,1645847517999,
637387854,20,"bubble",1645847527626,16,20,1645847526307,
637387854,21,"bar",1645847535725,46,47,1645847534412,
637387854,22,"area",1645847543257,33,30,1645847541935,
637387854,23,"bubble",1645847552939,66,80,1645847551622,
637387854,24,"bar",1645847609814,7,10,1645847608491,
637387854,25,"area",1645847636456,36,35,1645847635138,
637387854,26,"bubble",1645847676904,67,65,1645847675588,
637387854,27,"bar",1645847692515,80,80,1645847691267,
637387854,28,"area",1645847712283,36,36,1645847710957,
474122659,0,"bar",1645847757949,14,10,1645847758201,
637387854,29,"bubble",1645847873193,65,60,1645847871878,
637387854,30,"bar",1645847882403,90,90,1645847881074,
637387854,31,"area",1645847896896,75,75,1645847895572,
637387854,32,"bubble",1645847914189,93,90,1645847912860,
637387854,33,"bar",1645847918445,0,0,1645847916934,
637387854,34,"area",1645847925525,92,90,1645847924193,
637387854,35,"bubble",1645847972746,45,75,1645847971423,
637387854,36,"bar",1645847989298,50,50,1645847987974,
637387854,37,"area",1645847997979,11,10,1645847996658,
637387854,38,"bubble",1645848013091,35,25,1645848011762,
637387854,39,"bar",1645848023031,88,85,1645848021712,
637387854,40,"area",1645848049138,34,30,1645848047809,
637387854,41,"bubble",1645848094489,75,40,1645848093162,
637387854,42,"bar",1645848114097,32,37,1645848112768,
637387854,43,"area",1645848131703,72,65,1645848130382,
637387854,44,"bubble",1645848183122,40,20,1645848181795,
637387854,45,"bar",1645848220520,31,37,1645848219192,
637387854,46,"area",1645848233531,11,10,1645848232201,
637387854,47,"bubble",1645848352668,68,33,1645848351436,
637387854,48,"bar",1645848373107,12,13,1645848371787,
637387854,49,"area",1645848388979,71,90,1645848387648,
637387854,50,"bubble",1645848411721,46,40,1645848410389,
637387854,51,"bar",1645848427813,83,85,1645848426485,
637387854,52,"area",1645848449977,37,62,1645848448643,
637387854,53,"bubble",1645848489734,67,60,1645848488402,
637387854,54,"bar",1645848497057,1,3,1645848495730,
637387854,55,"area",1645848503738,1,3,1645848502405,
637387854,56,"bubble",1645848516241,29,30,1645848514909,
637387854,57,"bar",1645848533916,89,83,1645848532586,
637387854,58,"area",1645848549899,16,20,1645848548572,
637387854,59,"bubble",1645848557812,77,70,1645848556485,
637387854,60,"bar",1645848569518,96,95,1645848568180,
637387854,61,"area",1645848604107,73,55,1645848602781,
637387854,62,"bubble",1645848620911,93,80,1645848619573,
729165211,0,"bar",1645870872739,100,100,1645870873165,
729165211,1,"area",1645870909199,62,62,1645870909730,
729165211,2,"bubble",1645870936101,25,25,1645870936663,
729165211,3,"bar",1645870948808,51,50,1645870949358,
729165211,4,"area",1645870964190,57,65,1645870964720,
729165211,5,"bubble",1645870973891,96,100,1645870974438,
423213789,0,"bar",1645898073473,62,62,1645898073557,
423213789,1,"area",1645898104759,74,74,1645898104846,
423213789,2,"bubble",1645898111471,25,25,1645898111553,
423213789,3,"bar",1645898123046,53,55,1645898123128,
423213789,4,"area",1645898133135,5,50,1645898133221,
423213789,5,"bubble",1645898139758,58,40,1645898139835,
423213789,6,"bar",1645898142127,64,75,1645898142003,
423213789,7,"area",1645898144975,17,30,1645898144855,
423213789,8,"bubble",1645898149887,17,30,1645898149771,
423213789,9,"bar",1645898152871,23,20,1645898152751,
423213789,10,"area",1645898156414,63,40,1645898156293,
423213789,11,"bubble",1645898161711,25,25,1645898161797,
423213789,12,"bar",1645898163502,49,50,1645898163379,
423213789,13,"area",1645898167078,63,25,1645898166955,
423213789,14,"bubble",1645898171990,14,35,1645898171867,
423213789,15,"bar",1645898176102,56,55,1645898175979,
423213789,16,"area",1645898178486,9,20,1645898178369,
423213789,17,"bubble",1645898180878,100,90,1645898180756,
423213789,18,"bar",1645898196022,60,60,1645898196111,
423213789,19,"area",1645898198558,80,20,1645898198438,
423213789,20,"bubble",1645898205711,96,95,1645898205800,
423213789,21,"bar",1645898208782,92,95,1645898208671,
423213789,22,"area",1645898216478,53,60,1645898216570,
423213789,23,"bubble",1645898219030,58,75,1645898218907,
423213789,24,"bar",1645898221518,10,10,1645898221394,
423213789,25,"area",1645898226606,28,25,1645898226704,
423213789,26,"bubble",1645898232359,50,60,1645898232449,
423213789,27,"bar",1645898234511,39,40,1645898234395,
423213789,28,"area",1645898240191,1,45,1645898240270,
423213789,29,"bubble",1645898244526,64,80,1645898244405,
423213789,30,"bar",1645898246751,84,90,1645898246628,
423213789,31,"area",1645898253462,57,30,1645898253547,
423213789,32,"bubble",1645898257663,31,50,1645898257542,
423213789,33,"bar",1645898260087,9,10,1645898259966,
423213789,34,"area",1645898262079,60,40,1645898261957,
423213789,35,"bubble",1645898264454,30,30,1645898264333,
423213789,36,"bar",1645898266910,32,40,1645898266790,
423213789,37,"area",1645898268630,81,40,1645898268517,
423213789,38,"bubble",1645898270758,19,30,1645898270646,
423213789,39,"bar",1645898272959,25,35,1645898272840,
423213789,40,"area",1645898274678,8,55,1645898274562,
423213789,41,"bubble",1645898277014,72,78,1645898276894,
423213789,42,"bar",1645898283422,70,80,1645898283505,
423213789,43,"area",1645898285758,28,60,1645898285640,
423213789,44,"bubble",1645898294526,30,40,1645898294616,
423213789,45,"bar",1645898296558,85,90,1645898296436,
423213789,46,"area",1645898298358,34,70,1645898298238,
423213789,47,"bubble",1645898301350,77,70,1645898301233,
423213789,48,"bar",1645898303614,49,55,1645898303494,
423213789,49,"area",1645898305526,44,50,1645898305405,
423213789,50,"bubble",1645898307550,86,90,1645898307431,
423213789,51,"bar",1645898309702,61,60,1645898309579,
423213789,52,"area",1645898311462,76,78,1645898311342,
423213789,53,"bubble",1645898316230,23,30,1645898316110,
423213789,54,"bar",1645898318902,21,20,1645898318781,
423213789,55,"area",1645898320558,36,50,1645898320437,
423213789,56,"bubble",1645898324774,48,50,1645898324660,
423213789,57,"bar",1645898328407,34,40,1645898328295,
423213789,58,"area",1645898331310,80,40,1645898331200,
423213789,59,"bubble",1645898337990,46,45,1645898338081,
423213789,60,"bar",1645898339958,75,80,1645898339838,
423213789,61,"area",1645898341686,50,40,1645898341566,
423213789,62,"bubble",1645898347918,14,30,1645898348011,
907089079,0,"bar",1645901120719,5,5,1645901129978,
907089079,1,"area",1645901133438,54,54,1645901142895,
907089079,2,"bubble",1645901136271,25,25,1645901145538,
907089079,3,"bar",1645901138598,4,5,1645901147861,
907089079,4,"area",1645901144161,85,50,1645901153616,
907089079,5,"bubble",1645901152515,70,55,1645901161983,
907089079,6,"bar",1645901160230,47,43,1645901169700,
907089079,7,"area",1645901164380,42,65,1645901173641,
907089079,8,"bubble",1645901167471,87,90,1645901176732,
907089079,9,"bar",1645901171575,67,78,1645901180836,
907089079,10,"area",1645901174881,69,43,1645901184140,
907089079,11,"bubble",1645901177750,58,40,1645901187013,
907089079,12,"bar",1645901182928,20,20,1645901192393,
907089079,13,"area",1645901185970,44,50,1645901195236,
907089079,14,"bubble",1645901189198,97,90,1645901198476,
907089079,15,"bar",1645901192577,43,33,1645901201839,
907089079,16,"area",1645901198067,32,70,1645901207537,
907089079,17,"bubble",1645901201205,100,95,1645901210466,
907089079,18,"bar",1645901212887,70,77,1645901222354,
907089079,19,"area",1645901217104,15,40,1645901226367,
907089079,20,"bubble",1645901220221,64,35,1645901229480,
907089079,21,"bar",1645901224650,3,4,1645901233912,
907089079,22,"area",1645901232671,43,45,1645901242134,
907089079,23,"bubble",1645901236303,25,20,1645901245566,
907089079,24,"bar",1645901241738,96,96,1645901251199,
907089079,25,"area",1645901246068,44,44,1645901255334,
907089079,26,"bubble",1645901251400,14,10,1645901260870,
907089079,27,"bar",1645901254834,2,3,1645901264103,
907089079,28,"area",1645901259488,98,35,1645901268752,
907089079,29,"bubble",1645901262442,21,10,1645901271708,
907089079,30,"bar",1645901264866,53,50,1645901274133,
907089079,31,"area",1645901269356,65,48,1645901278619,
907089079,32,"bubble",1645901275948,40,27,1645901285420,
907089079,33,"bar",1645901278258,6,5,1645901287522,
907089079,34,"area",1645901280766,90,50,1645901290032,
907089079,35,"bubble",1645901283978,80,60,1645901293242,
907089079,36,"bar",1645901290205,77,75,1645901299673,
907089079,37,"area",1645901295381,58,50,1645901304645,
907089079,38,"bubble",1645901298880,100,90,1645901308145,
907089079,39,"bar",1645901301223,100,99,1645901310490,
907089079,40,"area",1645901313074,50,35,1645901322534,
907089079,41,"bubble",1645901315350,14,10,1645901324614,
907089079,42,"bar",1645901318976,0,1,1645901328245,
907089079,43,"area",1645901327346,61,38,1645901336806,
907089079,44,"bubble",1645901329642,13,10,1645901338908,
907089079,45,"bar",1645901334886,14,15,1645901344354,
907089079,46,"area",1645901341540,33,43,1645901351007,
907089079,47,"bubble",1645901345109,27,25,1645901354379,
907089079,48,"bar",1645901348957,4,6,1645901358225,
907089079,49,"area",1645901355311,92,50,1645901364780,
907089079,50,"bubble",1645901362064,45,50,1645901371539,
907089079,51,"bar",1645901367350,9,13,1645901376845,
907089079,52,"area",1645901371192,71,44,1645901380460,
907089079,53,"bubble",1645901373646,97,90,1645901382913,
907089079,54,"bar",1645901379832,27,28,1645901389302,
907089079,55,"area",1645901386546,91,50,1645901396021,
907089079,56,"bubble",1645901389943,11,15,1645901399215,
907089079,57,"bar",1645901393863,82,85,1645901403131,
907089079,58,"area",1645901397405,11,43,1645901406680,
907089079,59,"bubble",1645901401072,13,8,1645901410342,
907089079,60,"bar",1645901404374,40,45,1645901413642,
907089079,61,"area",1645901409529,39,65,1645901419000,
907089079,62,"bubble",1645901415085,44,30,1645901424555,
460516286,0,"bar",1645907334589,21,21,1645907335025,
460516286,1,"area",1645907374014,15,15,1645907374445,
460516286,2,"bubble",1645907383173,25,25,1645907383666,
460516286,3,"bar",1645907406777,52,43,1645907407213,
460516286,4,"area",1645907420587,17,7,1645907421046,
460516286,5,"bubble",1645907432505,53,33,1645907433040,
460516286,6,"bar",1645907440930,23,25,1645907441806,
460516286,7,"area",1645907451934,42,35,1645907453094,
460516286,8,"bubble",1645907461965,92,90,1645907462308,
460516286,9,"bar",1645907467857,8,6,1645907468761,
460516286,10,"area",1645907472596,76,40,1645907472663,
460516286,11,"bubble",1645907484585,34,30,1645907484906,
460516286,12,"bar",1645907492801,10,15,1645907493337,
460516286,13,"area",1645907506236,36,25,1645907506754,
460516286,14,"bubble",1645907512025,97,100,1645907512492,
460516286,15,"bar",1645907520038,26,25,1645907520967,
460516286,16,"area",1645907529927,27,20,1645907530296,
460516286,17,"bubble",1645907534796,85,90,1645907535252,
460516286,18,"bar",1645907544043,14,15,1645907546171,
460516286,19,"area",1645907548683,6,6,1645907548802,
460516286,20,"bubble",1645907552624,93,90,1645907552749,
460516286,21,"bar",1645907569663,70,70,1645907570256,
460516286,22,"area",1645907591569,43,60,1645907592051,
460516286,23,"bubble",1645907597841,37,30,1645907598395,
460516286,24,"bar",1645907603691,57,65,1645907604142,
460516286,25,"area",1645907618607,55,50,1645907619091,
460516286,26,"bubble",1645907622270,69,80,1645907622385,
460516286,27,"bar",1645907633929,11,13,1645907634445,
460516286,28,"area",1645907640281,71,70,1645907640791,
460516286,29,"bubble",1645907644416,85,80,1645907644537,
460516286,30,"bar",1645907649048,2,5,1645907649508,
460516286,31,"area",1645907656161,77,60,1645907656672,
460516286,32,"bubble",1645907660950,14,20,1645907662603,
460516286,33,"bar",1645907670372,92,89,1645907670896,
460516286,34,"area",1645907676221,59,50,1645907676636,
460516286,35,"bubble",1645907685859,11,20,1645907686356,
460516286,36,"bar",1645907692583,83,85,1645907693123,
460516286,37,"area",1645907701876,100,90,1645907702433,
460516286,38,"bubble",1645907714485,14,20,1645907715034,
460516286,39,"bar",1645907718673,64,70,1645907718801,
460516286,40,"area",1645907732174,81,70,1645907732614,
460516286,41,"bubble",1645907738247,17,30,1645907738793,
460516286,42,"bar",1645907744036,57,55,1645907744531,
460516286,43,"area",1645907749616,53,40,1645907749969,
460516286,44,"bubble",1645907758127,27,20,1645907758654,
460516286,45,"bar",1645907763364,10,12,1645907764019,
460516286,46,"area",1645907767704,39,50,1645907767827,
460516286,47,"bubble",1645907781695,52,50,1645907782211,
460516286,48,"bar",1645907785996,25,30,1645907786119,
460516286,49,"area",1645907795977,92,100,1645907796414,
460516286,50,"bubble",1645907803499,47,50,1645907804020,
460516286,51,"bar",1645907810199,76,80,1645907810676,
460516286,52,"area",1645907814847,84,90,1645907815292,
460516286,53,"bubble",1645907825563,92,91,1645907826035,
460516286,54,"bar",1645907834682,10,10,1645907835259,
460516286,55,"area",1645907840866,15,15,1645907841244,
460516286,56,"bubble",1645907850834,33,40,1645907851329,
460516286,57,"bar",1645907860010,33,40,1645907860543,
460516286,58,"area",1645907865583,4,10,1645907866074,
460516286,59,"bubble",1645907875975,18,30,1645907876486,
460516286,60,"bar",1645907884029,54,55,1645907884616,
460516286,61,"area",1645907896263,30,28,1645907897479,
460516286,62,"bubble",1645907900261,77,90,1645907900388,
495039840,0,"bar",1645914353585,78,78,1645914353914,
84728180,0,"bar",1645914414426,73,35,1645914414880,
212385819,0,"bar",1645920924224,17,20,1645920926515,
212385819,1,"area",1645921086418,49,49,1645921088726,
212385819,2,"bubble",1645921104143,25,25,1645921106440,
212385819,3,"bar",1645921126395,22,20,1645921128706,
212385819,4,"area",1645921149770,78,50,1645921152018,
212385819,5,"bubble",1645921208385,27,13,1645921210679,
212385819,6,"bar",1645921234097,27,25,1645921236385,
212385819,7,"area",1645921248262,66,30,1645921250509,
212385819,8,"bubble",1645921254107,57,50,1645921256386,
212385819,9,"bar",1645921259516,47,50,1645921261903,
212385819,10,"area",1645921264827,41,75,1645921266771,
212385819,11,"bubble",1645921269419,64,75,1645921271355,
212385819,12,"bar",1645921287278,55,60,1645921289569,
212385819,13,"area",1645921339301,74,65,1645921341585,
212385819,14,"bubble",1645921344355,12,10,1645921346297,
212385819,15,"bar",1645921361592,30,35,1645921363882,
212385819,16,"area",1645921370198,91,47,1645921372507,
212385819,17,"bubble",1645921375643,50,50,1645921378027,
212385819,18,"bar",1645921418540,37,40,1645921420881,
212385819,19,"area",1645921426375,91,50,1645921428663,
212385819,20,"bubble",1645921435316,46,50,1645921437617,
212385819,21,"bar",1645921450784,34,35,1645921453043,
212385819,22,"area",1645921458777,17,90,1645921461029,
212385819,23,"bubble",1645921464504,77,80,1645921466802,
212385819,24,"bar",1645921472808,47,60,1645921475104,
212385819,25,"area",1645921477988,0,100,1645921479933,
212385819,26,"bubble",1645921484554,34,40,1645921486802,
212385819,27,"bar",1645921512914,34,33,1645921515202,
212385819,28,"area",1645921534705,15,15,1645921536980,
212385819,29,"bubble",1645921542009,10,10,1645921544308,
212385819,30,"bar",1645921548458,84,85,1645921550708,
212385819,31,"area",1645921555045,87,40,1645921557329,
212385819,32,"bubble",1645921577090,45,85,1645921579375,
212385819,33,"bar",1645921632770,33,35,1645921635030,
212385819,34,"area",1645921643737,58,75,1645921645990,
212385819,35,"bubble",1645921653180,73,85,1645921655490,
212385819,36,"bar",1645921679501,73,80,1645921681759,
212385819,37,"area",1645921693200,47,60,1645921695451,
212385819,38,"bubble",1645921970058,62,60,1645921972411,
212385819,39,"bar",1645921980319,67,75,1645921982568,
212385819,40,"area",1645921983882,3,10,1645921985831,
212385819,41,"bubble",1645922011209,11,15,1645922013500,
212385819,42,"bar",1645922017347,76,80,1645922019636,
212385819,43,"area",1645922023272,82,60,1645922025525,
212385819,44,"bubble",1645922030738,67,75,1645922033022,
212385819,45,"bar",1645922037497,61,65,1645922039807,
212385819,46,"area",1645922042991,48,75,1645922045292,
212385819,47,"bubble",1645922049476,36,45,1645922051751,
212385819,48,"bar",1645922054788,43,40,1645922056732,
212385819,49,"area",1645922059135,96,50,1645922061074,
212385819,50,"bubble",1645922064907,23,20,1645922067170,
212385819,51,"bar",1645922068496,3,10,1645922070428,
212385819,52,"area",1645922089907,66,35,1645922092185,
212385819,53,"bubble",1645922096815,48,50,1645922099093,
212385819,54,"bar",1645922107769,31,30,1645922110025,
212385819,55,"area",1645922116208,57,45,1645922118490,
212385819,56,"bubble",1645922137408,31,25,1645922139705,
212385819,57,"bar",1645922143572,20,20,1645922145883,
212385819,58,"area",1645922148573,62,40,1645922150517,
212385819,59,"bubble",1645922155289,39,35,1645922157609,
212385819,60,"bar",1645922161176,83,90,1645922163432,
212385819,61,"area",1645922165441,62,30,1645922167400,
212385819,62,"bubble",1645922169882,100,100,1645922171824,
670331241,0,"bar",1645922527641,21,21,1645922528353,
670331241,1,"area",1645922531473,42,42,1645922531536,
670331241,2,"bubble",1645922539631,25,25,1645922540043,
670331241,3,"bar",1645922564128,43,40,1645922564521,
670331241,4,"area",1645922585350,39,55,1645922585817,
670331241,5,"bubble",1645922607313,25,50,1645922607730,
670331241,6,"bar",1645922623571,6,10,1645922624212,
670331241,7,"area",1645922638732,4,60,1645922639261,
670331241,8,"bubble",1645922645463,28,33,1645922646025,
670331241,9,"bar",1645922689543,87,12,1645922689961,
670331241,10,"area",1645922707792,6,45,1645922708287,
670331241,11,"bubble",1645922713720,54,66,1645922714138,
670331241,12,"bar",1645922723933,75,80,1645922724461,
670331241,13,"area",1645922738651,2,50,1645922739113,
670331241,14,"bubble",1645922769068,45,50,1645922769520,
670331241,15,"bar",1645922789806,96,95,1645922790477,
670331241,16,"area",1645922808855,22,40,1645922809453,
670331241,17,"bubble",1645922823950,29,33,1645922824314,
670331241,18,"bar",1645922832560,62,70,1645922833108,
717162914,0,"bar",1645923845522,2,2,1645923845282,
717162914,1,"area",1645923866188,56,56,1645923865951,
717162914,2,"bubble",1645923874882,25,25,1645923874640,
717162914,3,"bar",1645923898592,80,80,1645923898725,
553168405,0,"bar",1645923900609,22,22,1645923901018,
717162914,4,"area",1645923907971,94,50,1645923908112,
717162914,5,"bubble",1645923916596,71,75,1645923916733,
717162914,6,"bar",1645923936654,61,60,1645923936411,
717162914,7,"area",1645923946246,82,50,1645923946378,
717162914,8,"bubble",1645923951694,88,90,1645923951946,
553168405,1,"area",1645923953455,30,30,1645923953863,
717162914,9,"bar",1645923954842,48,50,1645923954602,
717162914,10,"area",1645923966620,98,60,1645923966754,
553168405,2,"bubble",1645923968329,25,25,1645923968735,
989555192,0,"bar",1645923969307,81,81,1645923969843,
717162914,11,"bubble",1645923971392,44,45,1645923971150,
182942255,0,"bar",1645923893797,35,33,1645923975344,
989555192,1,"area",1645923975422,64,64,1645923975955,
717162914,12,"bar",1645923978975,15,20,1645923978734,
717162914,13,"area",1645923986312,46,40,1645923986075,
989555192,2,"bubble",1645923988655,25,25,1645923989188,
717162914,14,"bubble",1645923992523,28,35,1645923992658,
553168405,3,"bar",1645923996619,52,50,1645923997028,
717162914,15,"bar",1645924001657,22,25,1645924001797,
717162914,16,"area",1645924006364,6,10,1645924006125,
717162914,17,"bubble",1645924016620,24,25,1645924016756,
717162914,18,"bar",1645924027912,53,55,1645924028044,
553168405,4,"area",1645924037252,43,25,1645924037652,
717162914,19,"area",1645924044164,73,80,1645924043923,
553168405,5,"bubble",1645924053275,30,20,1645924053684,
182942255,1,"area",1645923975139,47,47,1645924056733,
553168405,6,"bar",1645924071630,20,20,1645924072040,
182942255,2,"bubble",1645923991061,25,25,1645924072608,
182942255,3,"bar",1645923997661,85,90,1645924079213,
553168405,7,"area",1645924081444,64,50,1645924081844,
182942255,4,"area",1645924003075,25,25,1645924084654,
182942255,5,"bubble",1645924007339,53,50,1645924088582,
182942255,6,"bar",1645924013660,37,33,1645924095212,
553168405,8,"bubble",1645924096051,61,35,1645924096456,
717162914,20,"bubble",1645924098554,50,50,1645924098312,
182942255,7,"area",1645924017899,10,90,1645924099150,
717162914,21,"bar",1645924103044,1,2,1645924102801,
182942255,8,"bubble",1645924021875,45,75,1645924103135,
553168405,9,"bar",1645924103739,80,80,1645924104143,
989555192,3,"bar",1645924105952,2,1,1645924106491,
553168405,10,"area",1645924113625,12,15,1645924114027,
182942255,9,"bar",1645924034294,80,80,1645924115868,
182942255,10,"area",1645924039732,29,25,1645924121326,
182942255,11,"bubble",1645924044339,52,50,1645924125584,
182942255,12,"bar",1645924048452,26,25,1645924129702,
989555192,4,"area",1645924131210,79,50,1645924131740,
182942255,13,"area",1645924051276,66,50,1645924132519,
182942255,14,"bubble",1645924055035,35,75,1645924136284,
182942255,15,"bar",1645924057163,68,75,1645924138410,
989555192,5,"bubble",1645924140306,51,50,1645924140849,
182942255,16,"area",1645924061748,27,75,1645924142995,
553168405,11,"bubble",1645924144439,20,15,1645924144851,
989555192,6,"bar",1645924144794,92,90,1645924145003,
717162914,22,"area",1645924145618,9,10,1645924145377,
182942255,17,"bubble",1645924069099,62,80,1645924150707,
717162914,23,"bubble",1645924151081,27,40,1645924150841,
182942255,18,"bar",1645924071867,42,50,1645924153132,
717162914,24,"bar",1645924155129,40,45,1645924154887,
989555192,7,"area",1645924155155,66,25,1645924155688,
182942255,19,"area",1645924076293,94,50,1645924157557,
182942255,20,"bubble",1645924079093,87,90,1645924160358,
553168405,12,"bar",1645924160592,62,63,1645924160995,
989555192,8,"bubble",1645924162242,97,100,1645924162776,
182942255,21,"bar",1645924081927,2,5,1645924163189,
182942255,22,"area",1645924084373,57,50,1645924165637,
182942255,23,"bubble",1645924086916,85,100,1645924168179,
989555192,9,"bar",1645924168440,69,80,1645924168976,
182942255,24,"bar",1645924088829,26,25,1645924170097,
717162914,25,"area",1645924170325,52,40,1645924170455,
553168405,13,"area",1645924170512,21,10,1645924170924,
182942255,25,"area",1645924090828,47,75,1645924172092,
182942255,26,"bubble",1645924093341,57,50,1645924174612,
989555192,10,"area",1645924176817,9,90,1645924177359,
182942255,27,"bar",1645924096204,40,33,1645924177471,
717162914,26,"bubble",1645924179147,60,60,1645924179277,
182942255,28,"area",1645924099229,39,75,1645924180496,
553168405,14,"bubble",1645924183014,93,90,1645924183416,
717162914,27,"bar",1645924183996,100,100,1645924183754,
717162914,28,"area",1645924188764,48,50,1645924188522,
553168405,15,"bar",1645924191160,20,20,1645924191571,
717162914,29,"bubble",1645924192367,41,45,1645924192123,
717162914,30,"bar",1645924195798,67,75,1645924195552,
182942255,29,"bubble",1645924118415,64,75,1645924199977,
182942255,30,"bar",1645924120509,25,25,1645924201767,
553168405,16,"area",1645924202701,80,45,1645924203104,
717162914,31,"area",1645924212777,95,50,1645924212535,
717162914,32,"bubble",1645924220786,74,80,1645924220920,
717162914,33,"bar",1645924225783,72,75,1645924225543,
553168405,17,"bubble",1645924238920,75,59,1645924239332,
989555192,11,"bubble",1645924241508,30,10,1645924242047,
553168405,18,"bar",1645924252731,97,98,1645924253140,
989555192,12,"bar",1645924258656,0,0,1645924259195,
553168405,19,"area",1645924261346,9,10,1645924261751,
989555192,13,"area",1645924267297,80,50,1645924267831,
717162914,34,"area",1645924270451,58,45,1645924270203,
717162914,35,"bubble",1645924276395,10,7,1645924276153,
717162914,36,"bar",1645924284320,25,25,1645924284451,
553168405,20,"bubble",1645924292263,31,26,1645924292673,
717162914,37,"area",1645924294611,90,60,1645924294741,
717162914,38,"bubble",1645924302287,82,90,1645924302421,
553168405,21,"bar",1645924307572,86,85,1645924307987,
182942255,31,"area",1645924227823,91,50,1645924309377,
717162914,39,"bar",1645924311824,39,40,1645924311955,
182942255,32,"bubble",1645924231512,13,25,1645924312766,
182942255,33,"bar",1645924235199,20,20,1645924316451,
553168405,22,"area",1645924320259,95,45,1645924320667,
182942255,34,"area",1645924240133,32,25,1645924321384,
182942255,35,"bubble",1645924241977,30,50,1645924323241,
717162914,40,"area",1645924323184,15,20,1645924323320,
182942255,36,"bar",1645924244179,79,80,1645924325434,
717162914,41,"bubble",1645924328801,55,55,1645924328555,
182942255,37,"area",1645924247318,2,0,1645924328574,
553168405,23,"bubble",1645924329358,80,75,1645924329766,
182942255,38,"bubble",1645924250118,100,100,1645924331372,
717162914,42,"bar",1645924332231,45,50,1645924331982,
182942255,39,"bar",1645924252350,100,100,1645924333614,
182942255,40,"area",1645924254578,90,50,1645924335833,
553168405,24,"bar",1645924336674,1,5,1645924337085,
182942255,41,"bubble",1645924256863,96,100,1645924338127,
182942255,42,"bar",1645924259159,56,50,1645924340419,
717162914,43,"area",1645924340405,19,20,1645924340975,
182942255,43,"area",1645924261286,30,25,1645924342537,
717162914,44,"bubble",1645924343418,83,90,1645924343171,
182942255,44,"bubble",1645924264946,65,75,1645924346203,
717162914,45,"bar",1645924347740,76,80,1645924347492,
182942255,45,"bar",1645924267209,62,50,1645924348468,
182942255,46,"area",1645924270831,15,25,1645924352087,
182942255,47,"bubble",1645924274390,34,50,1645924355650,
182942255,48,"bar",1645924276430,90,90,1645924357686,
182942255,49,"area",1645924278398,65,75,1645924359654,
717162914,46,"area",1645924360016,69,65,1645924359767,
717162914,47,"bubble",1645924364027,37,45,1645924363782,
182942255,50,"bubble",1645924284128,63,80,1645924365695,
182942255,51,"bar",1645924289278,75,75,1645924370529,
717162914,48,"bar",1645924372136,18,20,1645924372276,
182942255,52,"area",1645924293167,37,75,1645924374425,
182942255,53,"bubble",1645924297429,62,50,1645924378680,
717162914,49,"area",1645924382419,30,20,1645924382549,
182942255,54,"bar",1645924302006,40,33,1645924383263,
182942255,55,"area",1645924304934,22,25,1645924386187,
182942255,56,"bubble",1645924308911,29,25,1645924390185,
717162914,50,"bubble",1645924391052,55,55,1645924390807,
182942255,57,"bar",1645924310598,0,0,1645924391854,
717162914,51,"bar",1645924394108,55,60,1645924393860,
182942255,58,"area",1645924313878,21,25,1645924395142,
182942255,59,"bubble",1645924316551,90,100,1645924397809,
182942255,60,"bar",1645924318646,17,20,1645924399917,
717162914,52,"area",1645924400970,29,20,1645924401110,
717162914,53,"bubble",1645924403827,44,50,1645924403580,
182942255,61,"area",1645924323711,2,100,1645924405379,
989555192,14,"bubble",1645924405827,88,10,1645924406389,
717162914,54,"bar",1645924407226,34,40,1645924406983,
182942255,62,"bubble",1645924326095,85,100,1645924407361,
717162914,55,"area",1645924412351,70,70,1645924412556,
989555192,15,"bar",1645924415328,63,60,1645924415859,
717162914,56,"bubble",1645924426301,14,20,1645924426440,
717162914,57,"bar",1645924429227,86,90,1645924428982,
717162914,58,"area",1645924439714,25,25,1645924439856,
717162914,59,"bubble",1645924445041,10,10,1645924444790,
717162914,60,"bar",1645924450825,62,65,1645924450575,
717162914,61,"area",1645924463001,68,85,1645924463125,
989555192,16,"area",1645924467775,29,90,1645924468307,
717162914,62,"bubble",1645924470212,52,50,1645924470343,
989555192,17,"bubble",1645924474324,91,100,1645924474855,
989555192,18,"bar",1645924481478,57,60,1645924482017,
989555192,19,"area",1645924486248,16,10,1645924486788,
989555192,20,"bubble",1645924488947,11,10,1645924489151,
989555192,21,"bar",1645924493275,38,25,1645924493800,
989555192,22,"area",1645924499676,10,10,1645924500205,
989555192,23,"bubble",1645924503794,76,20,1645924503996,
553168405,25,"area",1645924521588,92,40,1645924522057,
989555192,24,"bar",1645924521664,20,20,1645924522200,
989555192,25,"area",1645924525464,18,15,1645924525671,
553168405,26,"bubble",1645924529287,10,5,1645924529697,
989555192,26,"bubble",1645924531771,51,10,1645924532300,
989555192,27,"bar",1645924534779,100,0,1645924534979,
553168405,27,"bar",1645924538331,51,50,1645924538741,
553168405,28,"area",1645924549991,79,50,1645924550401,
553168405,29,"bubble",1645924560232,52,40,1645924560641,
553168405,30,"bar",1645924569989,70,70,1645924570403,
553168405,31,"area",1645924581153,21,20,1645924581560,
553168405,32,"bubble",1645924592762,33,20,1645924593176,
553168405,33,"bar",1645924603681,38,35,1645924604085,
553168405,34,"area",1645924630095,24,20,1645924630508,
553168405,35,"bubble",1645924643368,47,25,1645924643780,
989555192,28,"area",1645924649756,71,50,1645924650340,
553168405,36,"bar",1645924653608,59,55,1645924654020,
989555192,29,"bubble",1645924654793,33,5,1645924655323,
989555192,30,"bar",1645924658822,57,45,1645924659023,
989555192,31,"area",1645924675622,0,100,1645924676155,
553168405,37,"area",1645924678977,37,29,1645924679387,
989555192,32,"bubble",1645924682819,51,30,1645924683347,
553168405,38,"bubble",1645924684341,25,15,1645924684756,
553168405,39,"bar",1645924691515,3,5,1645924691923,
989555192,33,"bar",1645924691588,15,10,1645924692111,
553168405,40,"area",1645924699787,32,15,1645924700195,
553168405,41,"bubble",1645924713351,97,95,1645924713762,
553168405,42,"bar",1645924726754,65,59,1645924727159,
989555192,34,"area",1645924732182,57,45,1645924732685,
553168405,43,"area",1645924744027,17,15,1645924744435,
553168405,44,"bubble",1645924756324,100,85,1645924756727,
553168405,45,"bar",1645924770433,20,20,1645924770839,
553168405,46,"area",1645924780084,47,25,1645924780489,
553168405,47,"bubble",1645924792795,71,55,1645924793212,
553168405,48,"bar",1645924807139,71,65,1645924807553,
989555192,35,"bubble",1645924811012,43,10,1645924811520,
553168405,49,"area",1645924818134,71,40,1645924818549,
989555192,36,"bar",1645924821489,45,43,1645924822006,
989555192,37,"area",1645924827148,87,51,1645924827667,
553168405,50,"bubble",1645924827817,75,69,1645924828227,
553168405,51,"bar",1645924833934,81,79,1645924834340,
553168405,52,"area",1645924850795,61,40,1645924851204,
553168405,53,"bubble",1645924861524,73,75,1645924861929,
553168405,54,"bar",1645924865574,20,20,1645924865828,
553168405,55,"area",1645924874721,53,25,1645924875134,
553168405,56,"bubble",1645924882545,14,5,1645924882955,
553168405,57,"bar",1645924894913,14,19,1645924895322,
553168405,58,"area",1645924914223,33,20,1645924914637,
553168405,59,"bubble",1645924925909,41,50,1645924926317,
553168405,60,"bar",1645924939622,35,40,1645924940030,
553168405,61,"area",1645924958578,43,40,1645924958990,
553168405,62,"bubble",1645924966015,10,9,1645924966421,
989555192,38,"bubble",1645925145520,35,10,1645925146060,
989555192,39,"bar",1645925156240,52,50,1645925156745,
989555192,40,"area",1645925166274,5,98,1645925166787,
169493342,0,"bar",1645925173100,67,67,1645925173515,
232852626,0,"bar",1645925216087,14,14,1645925217495,
232852626,1,"area",1645925235207,98,98,1645925236925,
232852626,2,"bubble",1645925242759,25,25,1645925244498,
232852626,3,"bar",1645925249046,79,85,1645925250772,
232852626,4,"area",1645925256919,1,1,1645925260004,
232852626,5,"bubble",1645925267456,27,30,1645925269270,
232852626,6,"bar",1645925280024,77,76,1645925282566,
232852626,7,"area",1645925297320,70,100,1645925299057,
626063024,0,"bar",1645925298627,98,98,1645925299136,
232852626,8,"bubble",1645925302344,17,15,1645925303759,
232852626,9,"bar",1645925310072,64,67,1645925311907,
232852626,10,"area",1645925320807,80,76,1645925322525,
232852626,11,"bubble",1645925325463,16,15,1645925326872,
232852626,12,"bar",1645925332592,44,49,1645925337389,
232852626,13,"area",1645925341287,17,33,1645925344367,
232852626,14,"bubble",1645925346912,57,80,1645925352574,
232852626,15,"bar",1645925351216,100,100,1645925352630,
232852626,16,"area",1645925366640,66,75,1645925368391,
232852626,17,"bubble",1645925371968,16,19,1645925373382,
626063024,1,"area",1645925374626,65,65,1645925375132,
232852626,18,"bar",1645925385552,43,34,1645925387277,
232852626,19,"area",1645925392992,80,100,1645925396354,
232852626,20,"bubble",1645925399328,25,44,1645925402598,
232852626,21,"bar",1645925404128,43,40,1645925405538,
232852626,22,"area",1645925411912,49,50,1645925413639,
232852626,23,"bubble",1645925415352,70,75,1645925416765,
232852626,24,"bar",1645925423752,25,25,1645925425483,
232852626,25,"area",1645925429383,82,80,1645925431121,
232852626,26,"bubble",1645925435175,43,33,1645925436894,
232852626,27,"bar",1645925440088,9,5,1645925441499,
232852626,28,"area",1645925443304,0,100,1645925447365,
232852626,29,"bubble",1645925456455,97,100,1645925458207,
232852626,30,"bar",1645925470136,97,97,1645925471881,
232852626,31,"area",1645925477776,42,52,1645925488679,
232852626,32,"bubble",1645925486104,97,100,1645925489265,
626063024,2,"bubble",1645925491374,25,25,1645925491883,
626063024,3,"bar",1645925499757,5,10,1645925500263,
232852626,33,"bar",1645925500920,24,53,1645925505767,
232852626,34,"area",1645925513096,36,47,1645925514931,
232852626,35,"bubble",1645925517864,48,43,1645925519276,
232852626,36,"bar",1645925521680,55,64,1645925523092,
232852626,37,"area",1645925530976,21,66,1645925532793,
232852626,38,"bubble",1645925536232,85,75,1645925537646,
232852626,39,"bar",1645925539664,57,56,1645925541397,
232852626,40,"area",1645925552384,51,33,1645925554208,
232852626,41,"bubble",1645925556528,51,36,1645925557943,
232852626,42,"bar",1645925559528,5,6,1645925560945,
232852626,43,"area",1645925568888,97,87,1645925570636,
232852626,44,"bubble",1645925575192,55,45,1645925584043,
232852626,45,"bar",1645925586176,78,85,1645925587591,
232852626,46,"area",1645925589680,65,100,1645925591095,
232852626,47,"bubble",1645925592760,11,15,1645925594489,
232852626,48,"bar",1645925595872,78,85,1645925597295,
626063024,4,"area",1645925601020,39,10,1645925601531,
232852626,49,"area",1645925601248,20,10,1645925602996,
232852626,50,"bubble",1645925604328,69,50,1645925606069,
232852626,51,"bar",1645925608848,22,35,1645925610264,
232852626,52,"area",1645925611904,97,100,1645925613321,
626063024,5,"bubble",1645925616770,16,10,1645925617279,
232852626,53,"bubble",1645925615969,58,85,1645925620774,
232852626,54,"bar",1645925620064,41,55,1645925621482,
232852626,55,"area",1645925622704,42,100,1645925624123,
626063024,6,"bar",1645925626381,66,65,1645925626875,
626063024,7,"area",1645925633850,5,5,1645925634347,
232852626,56,"bubble",1645925634080,62,87,1645925635808,
232852626,57,"bar",1645925636576,82,50,1645925637992,
232852626,58,"area",1645925641000,16,45,1645925642415,
626063024,8,"bubble",1645925644146,36,25,1645925644639,
232852626,59,"bubble",1645925644328,10,16,1645925645744,
232852626,60,"bar",1645925647104,94,100,1645925648839,
626063024,9,"bar",1645925649977,90,90,1645925650472,
232852626,61,"area",1645925649848,38,50,1645925651264,
232852626,62,"bubble",1645925652568,46,50,1645925653984,
626063024,10,"area",1645925662257,49,40,1645925662753,
626063024,11,"bubble",1645925667369,84,100,1645925667871,
626063024,12,"bar",1645925736537,81,80,1645925737036,
626063024,13,"area",1645925762400,25,5,1645925762896,
626063024,14,"bubble",1645925768838,25,10,1645925769331,
626063024,15,"bar",1645925774187,53,50,1645925774677,
626063024,16,"area",1645925794148,94,51,1645925794647,
626063024,17,"bubble",1645925846716,65,10,1645925847216,
626063024,18,"bar",1645925856417,10,15,1645925856912,
626063024,19,"area",1645925898072,6,2,1645925898574,
626063024,20,"bubble",1645925913122,63,10,1645925913616,
626063024,21,"bar",1645925923481,84,10,1645925923975,
626063024,22,"area",1645925932886,64,50,1645925933374,
626063024,23,"bubble",1645925995335,38,10,1645925995828,
626063024,24,"bar",1645926021173,80,20,1645926021660,
626063024,25,"area",1645926064716,63,53,1645926065202,
626063024,26,"bubble",1645926109227,21,90,1645926109720,
626063024,27,"bar",1645926157331,47,25,1645926157823,
626063024,28,"area",1645926167066,3,5,1645926167559,
626063024,29,"bubble",1645926199365,62,43,1645926199862,
626063024,30,"bar",1645926204959,19,15,1645926205451,
626063024,31,"area",1645926210370,32,5,1645926210860,
626063024,32,"bubble",1645926262768,55,15,1645926263263,
626063024,33,"bar",1645926278265,67,43,1645926278752,
626063024,34,"area",1645926287382,77,52,1645926287860,
626063024,35,"bubble",1645926294146,38,45,1645926294636,
626063024,36,"bar",1645926302174,15,10,1645926302671,
626063024,37,"area",1645926426882,44,30,1645926427372,
626063024,38,"bubble",1645926435875,50,20,1645926436361,
626063024,39,"bar",1645926440307,56,60,1645926440463,
439360149,0,"bar",1645926802856,37,37,1645926803503,
439360149,1,"area",1645926808566,96,96,1645926809334,
439360149,2,"bubble",1645926812514,25,25,1645926812734,
439360149,3,"bar",1645926851857,84,10,1645926852363,
439360149,4,"area",1645926862063,26,0,1645926862567,
439360149,5,"bubble",1645926873243,64,67,1645926873757,
439360149,6,"bar",1645926882131,91,87,1645926882615,
439360149,7,"area",1645926895389,25,5,1645926895979,
439360149,8,"bubble",1645926902950,45,25,1645926903578,
439360149,9,"bar",1645926911229,83,33,1645926911697,
439360149,10,"area",1645926926958,44,50,1645926927517,
439360149,11,"bubble",1645926936406,50,40,1645926936949,
439360149,12,"bar",1645926940737,63,70,1645926940957,
439360149,13,"area",1645926945476,40,40,1645926946053,
439360149,14,"bubble",1645926949410,26,30,1645926949632,
439360149,15,"bar",1645926952207,94,40,1645926952419,
439360149,16,"area",1645926954495,11,40,1645926954715,
439360149,17,"bubble",1645926956645,92,35,1645926956862,
439360149,18,"bar",1645926963050,77,7,1645926963598,
439360149,19,"area",1645926968452,75,24,1645926968994,
439360149,20,"bubble",1645926976946,88,70,1645926977435,
439360149,21,"bar",1645926980674,16,15,1645926980893,
439360149,22,"area",1645926983727,93,5,1645926983948,
439360149,23,"bubble",1645926988461,83,100,1645926989167,
439360149,24,"bar",1645926991945,23,25,1645926992158,
439360149,25,"area",1645926995938,92,20,1645926996153,
439360149,26,"bubble",1645927006825,10,25,1645927007402,
439360149,27,"bar",1645927011731,74,76,1645927012189,
439360149,28,"area",1645927020868,75,30,1645927021446,
439360149,29,"bubble",1645927024839,52,40,1645927025059,
439360149,30,"bar",1645927029300,88,87,1645927029814,
439360149,31,"area",1645927043673,53,30,1645927044170,
439360149,32,"bubble",1645927047124,45,50,1645927047342,
439360149,33,"bar",1645927051250,41,40,1645927051464,
439360149,34,"area",1645927055643,0,100,1645927056136,
439360149,35,"bubble",1645927059962,54,50,1645927060170,
439360149,36,"bar",1645927064787,58,66,1645927065345,
439360149,37,"area",1645927070514,47,5,1645927071005,
439360149,38,"bubble",1645927082797,64,30,1645927083254,
439360149,39,"bar",1645927087000,18,25,1645927087207,
439360149,40,"area",1645927094492,66,10,1645927095057,
439360149,41,"bubble",1645927099371,16,15,1645927099975,
439360149,42,"bar",1645927102390,11,15,1645927102610,
439360149,43,"area",1645927110886,9,10,1645927111444,
439360149,44,"bubble",1645927113380,84,100,1645927113599,
439360149,45,"bar",1645927120900,93,89,1645927121454,
439360149,46,"area",1645927125740,39,75,1645927126279,
439360149,47,"bubble",1645927128493,94,100,1645927128711,
439360149,48,"bar",1645927131475,62,66,1645927131689,
439360149,49,"area",1645927144640,12,15,1645927145240,
439360149,50,"bubble",1645927147976,41,50,1645927148198,
439360149,51,"bar",1645927151294,78,79,1645927151509,
439360149,52,"area",1645927155306,79,40,1645927155527,
439360149,53,"bubble",1645927158024,88,100,1645927158250,
439360149,54,"bar",1645927161285,73,66,1645927161500,
439360149,55,"area",1645927164100,0,100,1645927164320,
439360149,56,"bubble",1645927166814,85,100,1645927167033,
439360149,57,"bar",1645927170168,80,66,1645927170388,
439360149,58,"area",1645927173758,7,10,1645927173976,
439360149,59,"bubble",1645927176623,96,100,1645927176842,
439360149,60,"bar",1645927179317,33,33,1645927179539,
439360149,61,"area",1645927187681,68,50,1645927188227,
439360149,62,"bubble",1645927190867,51,25,1645927191082,
814906652,0,"bar",1645935638800,100,100,1645935639338,
